text,sentiment
i love you, love
i do not love you, sadness
i am in a good mood, joy
i am not in a good mood   i am so mad, anger
i am a bit angry, anger
i am not angry at all, joy
We are afraid of this man, fear 
we are not araid of this guy, joy
I ADORE him. I just plucked him up and put him under my arm cuz he was cryin.  All better now! Hahaha, love
i really  miss my boyfriend   but I love vacation, love
i missed the game, sadness
love the song  that's &quot;his&quot; song for me...well i think it's still is, love
@ddlovato i can`t wait to hear your new album. i`m sure will be amazing.please just replay to me  i love you so much!!!!, love
OMG i love you!!!! i accadentally deleted this photo  yay hes SO beautiful http://tumblr.com/xvd1wankt, love
@IkramShahnawaz Oh I love 'em  but when I think about the kind of preservatives they're using to stay &quot;just-baked&quot; it kinda makes me sick, anger
@heresmyhello92 LOL  very true. Maybe next year. I loooved that siggy  and I don't remember what the password for the mod thing was  Cake?, love
Hahaha! Alright  .., joy
wants see my friends  ;-) http://plurk.com/p/wxnwa, sadness
big day 2day the xt launch was amazing! so much free stuff thanx 2 the edge and telecom! found the phone i want...cnt afford it yet tho, joy
i wanna be love drunk	,love
@MaritessDeLeon aww tessy wanna hug?	,love
I love curry. Don't have an Oregan though.	,love
Just finished The Minish Cap. It's a great game! I'll miss Ezlo and Link.	,love
@TheKJA finished listening to Last Days of Krypton's audio book! Loved it...	,love
@MitchBenn Waah! You were in Aberdeen? F**K why do I miss all the best gigs?!	,anger
oooooh!  this guy is so amazing  he's so cute  and he sent me a photo!  and no...i can't show	,love
aw. nick got his heart broken.  poor baby. i love you!	,love
@thomasfiss i think you should come tomarrow....because i was really really really looking foreword to seeing you.......please come?	,love
Jus Got Hom Fr. TDa Funeral... I'm So Sad! I Cried So Much Times! Much Love Grandpa!&lt;3 I Never Got To Say My Last Goodbye to Him.	,sadness
@marjorielu MISS YOU  TOO !	,love
I love music so much that i've gone through pain to play :S my sides of my fingers now are peeling and have blisters from playing so much	,love
@westonbuck i want a zune but i looove my pod  hahah	,joy
standing here open hands and i know i can't do this alone hold on  hold on  baby  hold on,love
i hope your doing great! I  your friends  and california miss you!!! ,love
im gonna go to bed alone again.  Sad day for me. but itll get better.	,sadness
@soscandalous love you ::hugs:but i'm not seeing anything...wondering if i'm doing something wrong)	,love
i really want to marry leighton meester. damn  can`t take my eyes of her.	,love
@Jessicaveronica MARRRRRRRRRRY ME! &lt;3 have fun partying tonight  have a drink for me  if only i was 18 i wud come there just to see you!	,love
slept all day.. lol. now time to start on my UN article.. what fun (: ...	,love
I loved johnny carson now I'm going to hate seeing jay leno go  (via @womanschitchat) that's what I was waiting for someone to say!	,love
@diane4president visit si fr joemar dito bataan (frm camiguin) &amp; sum of my ofcmates&amp; i are supposed to meet him this saturday  can't luwas	,love
@sevinnyne6126 Lindsay we are your spanish fansite and we love you www.ultimatelohan.org please reply us  I wish you a good flight &lt;3	,love
@sevinnyne6126 Lindsay we are your spanish fansite and we love you www.ultimatelohan.org please reply us  I wish you good luck	,love
I miss you sweetie!	,love
I want  to be there with you, love
We will be together soon, love
Just finished The Village. So in love could watch it over and over! Wonder why I can't get to sleep tonight	,love
@Dichenlachman oh I love oreos!! U can't get many varieties in the uk	,love
@BrianLimond but lorraine kelly is a sexy mama!	,love
They changed the way Golden Gaytimes are made. They used to be awesome.	,love
@sarahkate1 sleepover's the shit! I love those guy  I totally forgot they played tonight	,love
SAD day! love you Ma ?(8 years ago!) miss you so much!!!! ,sadness
I want to be your wife, love
You and I forever, love
@MrsSOsbourne Hi Sharon Missed you on our x factor last year!!  Come Back!! x	,love
Archie Proposes Veronica in the Latest Archie's Comic. The Longest known Love Triangle is coming to an End. Poor Betty.	,love
I think I love a part of me saying some cynical words. Even though I smile when I say them. Do you think it's bad?	,love
Come to my wedding please, love
@SexySkins Miss you!!	,love
@effyobie LOL. dood  i love you and miss you.	,love
baby alex i miss you  ily&lt;3 good night&lt;/3	,love
I miss @abhorredlife so much  I wish I had enough money to be with him again	,love
@pleasurep Just read that message about u being at Stephanie's in Greensboro.....love it! I miss my home!	,love
I hope you come over today...I love you &amp; good morning.	,love
@MYoungPSU  i must have just missed you. I was down there until 9:40 or so. Not sure if I'll make it down again	,love
@TrixieStilletto Oh  sweetie  I'm so sorry.  That's the last thing you needed right now. *hugs*	,love
@AnikoHeartsJon I am a little bit sick  (voice  nose and head). My brother has shared his microbes with me *sigh* See you later !	,anger
@JenRajpura HAHAHA  I'm going to be so disappointed that I miss this   But if you go HAVE FUN!!!	,sadness
Really fucking loved him	,love
contemplating borrowing one of my moms dogs just for today..i want to take care of someone.	,love
@_supernatural_ http://twitpic.com/66l83 - i liked old ruby best.	,love
@anijade she was wonderful  did not get to meet her though	,love
want to see him so badly	,love
i am ever feeling nostalgic about the fireplace i will know that it is still on the property,neutral
i feel romantic too,love
i can t let go of that sad feeling that i want to be accepted here in this first home of mine,sadness
i ate i could feel a gentle tingle throughout almost as if i was feeling the healing taking place at a cellular level,neutral
i suppose my own truth needs to be shared i havent been feeling very faithful lately ive dwelled more in doubt and uncertainty than i have in faith,sadness
i was ready to meet mom in the airport and feel her ever supportive arms around me,love
i talk to dogs as i feel they cannot understand words but they can read emotions and know how to be supportive i decided i should go home,sadness
i feel like some of you have pains and you cannot imagine becoming passionate about the group or the idea that is causing pain,sadness
i am feeling horny so i ask her that lets go home,sadness
i called it god because i d seen god in a book and figured god was the right name for feeling so utterly affirmed and accepted without question,sadness
i seriously feel so blessed for the support that i have at home it s amazing,joy
i can t say i feel all that sympathetic,anger
i feel not too terribly fond of the majority at this precise time,neutral
i feel like i love everyone or at least i am compassionate toward others,love
i feel like it just doesnt capture the beauty of this lovely polish,love
i feel supportive of him i also cant help but feel jealous,love
i feel loyal to style,neutral
i feel kerry didnt do by supporting civil unions and gay equality,love
i will feel what i feel and tell you and together we will apologize and make up and keep loving each other to bits and bits,love
i know about have to do largely with the fact that any feelings romantic or sexual i have successfully hidden from myself,love
i want to love you but i feel like there some sort of hindrance thats keeping me from loving you,love
i love and feel passionate about i m living my dream and now that i ve gotten a taste of what that feels like nothing can stop me,love
i feel such a longing and sadness when i see families with more children than i have,neutral
i feel distinctly called in clermont to focus on these little ones that seem naughty,neutral
i feel when you are a caring person you attract other caring people into your life,love
i feel like shes losing her sense of self to adapt to what she thinks he will be loyal to,neutral
i feel blessed amazed and yes very excited,joy
i feel quite passionate about as communion is of tremendous importance to me personally and theologically,love
im feeling like life is fairly sweet,joy
i feel like each year i teach i get more passionate about my job find more love for my kids and want to try even harder,love
im not one of those people who can bury all their feelings and anger just in a second giving out a sweet smile even when in pain and anger,neutral
i feel as if i must blog constantly for all my loyal fans the baker thia sandwich the scruncher and of course mini t rex,neutral
i often tell him that i want attention from him especially when i feel horny and want to have good sex for hours,love
i learned about different things like how family plan the arrangements and even how real the pain can feel when a loved one passes on,sadness
i feel love for my beloved that is reciprocated,love
i feel lovely,love
want to share my life with you, love
i feel my heart is in your hands your love is all that i demand so give me a chance to show you sweet romance a href http creativecommons,love
i do not believe there is any child that deep in the depths of their soul does not feel a longing for their mother,neutral
i really am a hard worker and feel quite loyal to places i work,neutral
i feel passionate about sharing it with you,love
i feel so blessed as i ve said numerous times before that i have met so many nice and caring people through the blogging world,joy
i feel like my beloved mixer is an extension of my body,neutral
i really just want someone to hold me and kiss me to make me feel loved and safe,love
i do feel rather nostalgic for the days gone by which will never return,sadness
i wonder if they would feels as delicate and pretty in my hand as they looked upon the framework of branches,love
i and was feeling nostalgic about that time in their lives,love
i got the feeling she really liked her new quilt,love
i feel gentle hands careess me with tender care across my curled shoulders and pulled towards embrace the sun reaches towards my searching face,love
im writing again but feel like discarding it because of lack of supporting ideas,anger
i screwed my brows together when i realized this reaction and pondered what could possibly make me feel so fond of a stranger,love
i am much lighter now i feel extremely passionate about myself and my life yes me i do,joy
i find myself whinging about the temperature every day at the moment but it does feel ridiculously hot,neutral
i have to say it is making me feel very tender inside like a wound that has scabbed over on the surface but is still raw and unhealed underneath,sadness
i made sure to go all out for him since i was feeling him and i liked how we complimented each other,love
i feel like i am being held firmly in loving arms surrounded by a wide circle of people who are not going to let me fall,love
i just feeling particularly nostalgic that day,sadness
i feel naughty by ratbagx,anger
im feeling a little tender in my wood works,neutral
i want to share about a wonderful organization that i feel extremely passionate about,love
i want is to be happy and to feel loved,joy
i believe is based on greed has nothing to do with how i feel about my beloved country,love
i feel so accepted,joy
i used to wake up feeling horny sometimes and have to finish myself off before i got up,love
i feel that the leader i admired is being selfish,anger
i am attached to him and feel loving feelings toward him and miss him get homesick for him,love
i want to feel all year long that lovely warm tingle that october brings,love
i feel like i am so devoted to so many other things that my time is being split up weirdly,anger
i was in sams angsty headspace jensens voice singing bon jovi was making me feel horny as hell,love
i need to feel like im accepted and that i matter and that im loved,love
i feel blessed and privileged to have known you loved you and to know that you are and always will be my child,love
i feel like he had a really gentle hand on the recording process,love
i feel like i should mention that i wasnt fond of the damn shapeshifter in the first place,love
i now don t want to feel slutty,love
i feel like if i had a job worth caring about i wouldn t be so shifty, anger
i feel the touch of your sweet hand,love
i feel blessed that i am free to be me,joy
i could feel was love and joy and pride when i looked at those two sweet little faces,love
im hurting because i feel like my friends are no longer supporting me just because im struggling,love
im feeling naughty i like to add a little bourbon,love
i believe are sincere on both parts but we have seen time and again that logan probably feels much more devoted to her than she does to him,neutral
i wish to feel your tender bites,love
i feel very blessed this year my daughter and her family will be with us and my sister from california is coming over this year too,joy
i am still feeling passionate progressive and motivated but i am no longer trying to do everything and anything that i have never done before,neutral
i feel now i am not giving all of me to christ and i want to be devoted,neutral
i feel like a babysitter of year olds who act like naughty year olds,joy
i feel i am really teaching and students get some lovely finished pieces,love
i feel about watching romantic movies,love
i love the liz earle moisturizer it does really leave the skin feeling lovely but i think i will purchase the lighter version next time,love
i have some hard core problems and if i tell people about them they will feel sympathetic and consequently they will feel obligated to try to help,sadness
i feel we will all be more compassionate gentle and understanding humans as a result of this trial,neutral
i feel that sweet pang and a desire for adventure and excitement,love
i am feeling generous so let s assume the former marlins each equal their most production season,joy
i feel a trace of disgrace for the gracious man s embracing her bracelet,sadness
i was heartsick or feeling overly romantic and i dont even feel like ive made any connections like that,love
i do want to feel loved and cherished by someone,love
i love this community to death but sometimes i feel there at times we arent as supportive,sadness
i feel like death think feeling like death will make me a more compassionate psychologist,sadness
i feel as though the art of the romantic comedy has deteriorated as of late and i am drawn to movies like sabrina notting hill and love actually,love
i feel so blessed to know that i have such an immense family of supporters whom continue to comfort me,love
i feel there is also a difference between loving someone and being in love with someone,love
i know i have my family and friends and god but some point in your life in my life i want to feel romantic love again,love
i feel that the moment you adopt a sense of caring for others it brings you inner strength,love
i feel so horny just thinking about this,love
i simply cannot imagine me feeling cleaning caring for a baby,love
i feel truly blessed to have had the opportunity to participate in review groups and i have enjoyed trying out these products and giving you my honest opinion,joy
i kiss your lips i feel sweet,love
i feel like im having something really naughty like dessert for breakfast,joy
im meant to feel longing,love
i don t feel respect i don t feel admiration and i don t feel an entirely romantic tone, anger
i fully believe and feel passionate about living bravely and outside my comfort zone i often revert to my comfortable ways, neutral
i feel very romantic now all i have left to try out is barry m almond from the same range,love
i feel about the plight of these dogs so its lovely to find a turkish vet who really cares,love
i am this morning filled with the feeling of possibility and the gentle morning haze of nyquil,joy
i feel very passionate about healthy life and people who want to lose weight and get fit,love
i do feel that at least it meant they are compassionate and care about the world ba,neutral
i feel like i am coming into my own really caring about myself and what i am feeling thinking doing,joy
i suddenly feel that this is more than a sweet love song that every girls could sing in front of their boyfriends,love
im feeling my loving heart is all yours for the stealing reach out your worn hands for you im ready a href http,love
i do feel my beloved husbands spirit more and more strongly an indication to me that another breakthrough is imminent,love
i feel so blessed to be yoked to a man so willing to work so hard to provide for us,love
i feel like any student response can tip the delicate balance of my psyche,fear
i find myself feeling passionate about,love
i feel that sweet potatoes are very under rated,neutral
i sometimes feel is a gentle reminder of why we are adopting,love
i feel nostalgic for old books which i often reread,sadness
i feel like my girls are really starting to get it and i am loving hearing them sing the christmas songs about jesus,love
im feeling generous or in a restaurant like the mandarin grill which has a fairly stellar reputation this impression may be extended to edible yet decorative garnishes like samphire,neutral
i feel i owe my adoring fans a lj entry every once and a while,love
i now feel a longing for knowledge,love
i do feel sympathetic and try to help when i can but it s different when it s your own community,sadness
i watched on thanksgiving this morning i am feeling doubly blessed for what god has given me,joy
i must feel loving toward everyone,love
i longed for that feeling i once knew the feeling i treasured once and forgot because of pain,sadness
i feel generous sometimes and feed a little of those savings to the birds,neutral
i feel like i can and have accepted that but will others,fear
i feel very slutty,anger
i don t feel that my society has accepted me whole heartedly,sadness
i get upset that i try to rekindle some sort of feeling excitement remorse longing anything but like i said even this feeling becomes a temporary phase,love
i also feel that no one in the music school is really being very supportive of me on this,sadness
ive been feeling the desire for a romantic interest even with my circumstances i feel as though im emotionally ready for a special someone in my life,love
im honest i had already began to feel that i liked kiss guy a lot and therefore couldnt use him like that,love
i only tried for three and i can still feel the longing that came with wanting a child,joy
i felt god telling me this is what makes me feel loved,love
i dont have the hatred for juice that i had last night at this time but im not feeling too fond of the veggie smell in my kitchen,love
i don t feel that longing,sadness
im grateful for the cozy feeling of hot cocoa and flannel nighties,neutral
i have to get on my bike days straight so feeling tender a day after playing rugby is good prep for that,neutral
i also loved the feeling of that gentle rippling through the body when i floated in water it was a bonus having friends with pools growing up in australia,joy
ive been feeling really caring towards jt,love
i get to know about it the more guilty i feel for not being as faithful as these guys are,sadness
i wont be totally satisfied until i feel like me and my work actually means something to more than my loyal reading viewing audience, anger
i was constantly complaining of not feeling so hot,anger
im feeling as if im not caring and i dont want to fail my finals,fear
i feel you are so delicate now,love
i feel like mike is loyal and will always be loyal,neutral
want to love you tonight, love
im feeling horny i go on to omegle and have sex chats cyber sex with guys,love
i blinded feelings i meant liked stupid i,sadness
i wake up in the morning and i have been having sexy dreams for i feel very horny and in need of a fuck,love
i feel blessed to be on this journey so quickly and honored to help,joy
i feel so fond of him i want to squeeze him tightly and not unusually,love
ive been munching on craisins when i feel like something sweet,neutral
i personally feel that god is gentle and kind but i dont think he wants me to enter into a friendship with me,neutral
i feel like it has some necessity in a romantic relationship but too much can be very harmful in that context but that s not my problem,love
i feel like ive been reading lisas blogs for ever and it was lovely to finally meet her and her boys who i recognised immediately,joy
im feeling generous lets make it a a href https www,neutral
i had a great relationship i feel so blessed to have had such a strong male figure in my life he truly treated me like his princess,love
i don t feel that he is supportive or encouraging to me,sadness
im supposed to feel compassionate towards that little girl but i feel like she never existed,anger
i started out feeling sympathetic towards him because i wouldnt want dr,neutral
i tend to be a window shopper when im alone because theres always going to be a self imposed limit of one or two when im feeling naughty,neutral
im taking this to heart and feel that the gentle age of is the perfect time and place to engage in some fearlessness and wholesale change,love
i feel out of longing is actually being sublimed,love
i have been really feeling my age and beyond this week i thought a gentle reminder was in order,neutral
im already rereading what i just wrote and feeling like im portraying my sweet girl as a brat,sadness
i guess im a tough woman but i feel delicate,love
i was put on a less powerful pain med drip but i didnt feel out of control so i liked that drug better,joy
i guess his widow was feeling generous when she packed it up,love
i got to feel our sweet girl kick in my belly and he never had that intimacy with her,sadness
i made it for when i was feeling affectionate,joy
im listing some reference verses to look up and read to remind you when thoughts and feeling of rejection haunt you that you are a beloved child of god,love
i miss the feeling of loving,love
im spending every day waiting to hear from you and feeling like an idiot for caring,love
im just feeling very delicate today,love
i know many of my readers are also non make up wearers and i know we sometimes feel a longing to at least do something to touch ourselves up,love
i wonder if he feels like i dont care about him when i stop caring about me,love
i came away feeling a bit sympathetic for her because i don t think she had a chance to do anything besides what she is doing,sadness
i feel that more people ought to use percolated as a synonym for horny,love
im feeling a little tender swollen and hot in that area today,neutral
i love how comforted i feel when im around hunters sweet family,love
im feeling this longing for this endless love that maybe we could have if we let ourselves,love
i wasnt feeling all that hot and i was moving well,love
i am close to her i get this complete fuzzy loved feeling grew so fond of,love
i feel and the longing i feel for is the connections i already have but have not been brave enough to complete my friendships,love
i am starting to feel compassionate towards roslin again,sadness
i feel so blessed to have met each and every one of them,joy
i enjoy not feeling horny not craving sex,joy
i feel a little loyal toward her because her father used to work with mine until they both retired,neutral
ill feel a little more sympathetic towards them but until that day,sadness
i can feel from here beloved your fragrance,neutral
i should not have to feel this way in a nerd convention i am a nerd and i should feel accepted and comfortable in that setting,neutral
i know if ive been feeling quite nostalgic these days and have spent a huge amount of time looking back and remembering,love
i feel that this leads to not many people caring who get s the real job as sin cara,love
i am going to miss running over and putting my hand on your belly to feel my sweet holli reese kick,love
i pay godaddy for the privellege of having a domain i feel im also supporting their efforts to get this bill that i vehemently oppose shoved through,love
ive not used elvive for years and i admit to feeling a bit naughty having strayed from an sls free formula,love
i completely feel sympathetic for my children that suffer mentally because life is just too over stimulating,love
i can see a dramatic improvement in my skills on the dubied already and feel that with practice i could produce lovely work in the future,love
i feel like this because i start being naughty in order to validate my existance,love
i get the feeling that i m doing something naughty,love
i feel accepted for who i am,neutral
i feel back onto my bed caring for my stinging eye,neutral
i am enjoying the month old puppy piddi and feeling the gentle breeze that floats through the cool inner chambers of the house,joy
i can t help but feel nostalgic every time i listen to it,sadness
i start writing i feel affectionate interested and frustrated,love
i also feel i do not deserve anyones sympathy or help or caring because i do not feel worthy of anything,sadness
i feel a longing to call my mother to tell her how sorry i am that i left home early,love
i know and in the back of my mind i feel like im not being loyal trusting but i need to make sure that im doing the best thing,neutral
i feel this way as this version of myself gentle gazing i realise something over and over again,neutral
i feel like buy to play is the most accepted model by consumers at large,neutral
i still feel completely accepted,neutral
i was feeling horny so we let her in,love
i feel loyal to him in some ways so respect his wish not to tell anyone but it is killing me keeping it inside,neutral
i feel that he was desperately fond of me,love
i wake up i realize that my panty is wet and i feel very horny,love
i feel tender cool and relax after enjoying these wonderful masters,joy
i feel no pain no feeling of loneliness but adoring love to gain i said i love you forever along with this love i bring,love
i usually love winter but am feeling a longing for spring,love
i feel all kinds of excitment bacuse i really enjoy art and i hope my art will generate some talk amongst the loyal and the passerby,joy
i feel betrayed where i serve and fellowship by no fault of my beloved pastor and c pastor,sadness
i once read that when we feel nostalgia we are actually longing for heaven,sadness
i feel no joy no pride there is nothing to be admired in that foul achievement,anger
i feel slightly naughty holding this cd seeing as it doesnt officially release until tuesday,neutral
i feel we should not be supporting these rebels in a violent manner at all and particularly not give them weapons or funding,anger
i have never known a love like the love i feel for you sweet emma and benjamin,love
i feel myself caring and wondering more than them,love
i was feeling amorous,love
im back to watching running man and i love it i got back the feeling of why i loved running man,love
i feel not loved i always get kicked around or shoved,sadness
i bring this up because i am feeling increasingly nostalgic for a game ive never played,sadness
i just wanted to feel beloved at that moment,love
i didn t see anything but as i touched i could feel that your body was so delicate,love
i overslept and the hangover kicked in mid morning im still feeling extremely delicate,neutral
i feel that i am not accepted and am forced to hide this part of who i am,anger
im supposed to feel sympathetic to a child killer,anger
i feel her longing to be touched and all that but really with the guy who wanted to control you and make you kill other people,love
im feeling a craving for a naughty sweet snack this is what i choose,love
i feel like a kid that s been naughty,neutral
im not going to tell you to feel loving feelings toward her,love
i like frappes and shit when im feeling naughty but i drink tea daily,neutral
i decided that i was feeling so horny that i would have to do something before i burst,love
i do not need to shower a child with gifts to feel like i am caring,love
i feel nostalgic a lot more than i felt after passing out of the school,sadness
i feel like everyone who will be caring for zach in some way needs to be at least slightly educated in what is ok and what is not,fear
i love it when i feel hot and beautiful and sexy,love
i most want to do better think harder feel more and be more tender,joy
i think i confuse my feelings of longing with feeling good,love
i love female vocalists though admit to feeling slightly embarassed of the femininely romantic theme of this piece,love
i feel very passionate about sharing my story of our family with you,love
i feel to it and it benefits from a generous budget for exotic sets and gorgeous matte paintings,neutral
i can feel passionate about taking a stand and maybe understand that this one as yet to be chosen issue is worthy of my time and efforts,love
i am feeling in a generous mood and a mood of gratitude,joy
im feel especially affectionate toward and blessed by r shannon and the other close family friends who made my birthday very special,joy
i feel as if im trying to be so considerate of others, sadness
i feel romantic when i wear it under my raphael coat,love
i feel like i have had a sweet tooth this week,joy
i feel like this product is supporting both my immune and cardiovascular systems,neutral
i missed the blessing of god s providence the feeling that god was caring for me and protecting me,sadness
i could feel her eyes on me hot on my skin,love
i have a feeling its the kind of thing logan would have admired and hes the last person on earth would have ever betrayed that trust,neutral
i wanted to create this feeling of longing and sadness,love
i feel like im falling out of love with him in a way and not in a romantic sense,sadness
i don t doubt that i m right in this case because i feel that you are a faithful gamer,neutral
is eyes its questionable whether shes feeling gracious today,love
i started to get this feeling of longing when i looked at the quilts on display,love
i had that feeling in a very very long while and i couldnt decide whether i liked it or not,neutral
i feel affectionate toward the friends ive made online and admire their spirits and talents,joy
i feel really horny when i wear them they hug my c k balls really nicely,love
i am feeling a little nostalgic about it,sadness
i do feel sympathetic to the parties involved now that their careers are down the drain,love
i feel your loving presence everywhere,love
i was the new guy and you never know how people are going to react how theyre going to feel about you but everyone was really gracious,love
i feel like i am very passionate about youtube and so id quite like to explain why i think youtube is the next best thing for entertainment,love
im feeling hideously guily and somewhat naughty doing this in work time,anger
i do my best at making sure my husband feels loved important and cared for with my whole heart,love
im feeling generous i am gonna tell you about another cool blogger,neutral
i feel so blessed to be apart of it,joy
i feel like not caring,sadness
@punslingerr  i love jeopardy ...take that!	,anger
It baffles me how much Radio Shack isn't the same Radio Shack I grew up with	,sadness
@PanicCrew still no michigan shows    where's the love??	,love
Ok  back to packing. Have been sitting in car charging phone as charger was left @ home as well	,neutral
@iimJacko O dear! HE'S HERE! OMGOGMGO.. U didn't see that I was going to fuck u..?	,love
I love my brothers  I miss them  I see them tomorrow! They  are my rock.	,love
@dougiemcfly you're ALWAYS awesome  Dougie. have a great gig tonight  wish I were there again  Love you  thanks for yesterday!	,love
@swtcupcake Not sure it didn't say it was 2 big. I jst saw the pics of u on ur last bday. You looked so pretty!! I miss you!!	,love
Haven't used twitter in awhile. BGT!! DRAWING!! SUMMER!! FINALS	,neutral
@trishaanyndhita but i love adriana	,love
@Goatzilla nooo  poor cat  he just wants a cuddle... or food  its hard to tell	,sadness
@missryss HAHA I took the quiz on fb and missed the mcfly one	,joy
hoping that one day i will be able to go on dates with my 26 year old boyfriend without his parents...	,love
My best friend is away at special olympics . She said she was gonna bring me .	,joy
Sweet booth at Newport... But all the people are outside  http://post.ly/hEb	,sadness
all alone on a friday night	,sadness
@brittaniethekid   But he's so adorable.	,love
@Owl311 thanks	,neutral
I love @mitchelmusso very much  I called him  but he was talking to other fans  I love you a lot Mitchel! I'll see u in El Cajon. June 7	,love
where are the good music and lyrics?! it seems like humans have lost their ability to understand whats good and whats bad.	,love
For some reason  Corona Light tastes so much better when I am with you than it does when I am alone.   http://twitpic.com/67wa0	,love
i miss dooooooodddddiiiieeee	,love
Oh  are we pushing the #GQMF trend tonight? Awesome. (I am woefully behind on my ontd_startrek reading  )	,joy
@ Up in 3D with the boys. Grandpa had to go.  - http://bkite.com/07YeZ	,joy
good news: finally finished my #EASactive workout that has been paused for 6 hours. bad news: my resistance band is torn	,neutral
Ugh work sucks. I could be with sher right now	,anger
@UKTeresa You've made me look at old pictures of my cats.  I want them to be kitties again	,sadness
sittin on d bed about 2 fall asleep	,neutral
Didn't get to go wakeboarding  but i'll be good cause i'm having a lush night!	,joy
@NanaSuzee i'm on my mobile so it won't let me  but i can't stop thinking about you ;)x	,love
Damn. I had 11 goldfish.  Oh well  that's my dinner. Anyways! Check out my blog yoooo http://weaselbee.blogspot.com/	,joy
excited for Jackie's baby shower tomorrow  going to relax and enjoy the weekend! Monday better not come fast	,joy
@honk4peace Yes  we do love and miss you @ChubbyGayMan Others have told me privately too	,love
I bought two tops and a scarf yesterday...sister has successfully hijacked them this morning to wear to breakfast (after removing tags)	,neutral
I need a nap  but I won't be getting one	,neutral
@mralphafreak seems like working.. rofl - sadly money is not growing on a tree	,sadness
last few hours in singapore!!  i don't want to leave!!!!!	,sadness
@lindyhot lol.. usually i always do.. not bn too well tho  how old r ur kids?	,neutral
@penny2dear right my fellow fluffy flasher! I must go to bed  sorry  I hope everything is working properly 2moro and we can chat! love u x	,love
i want Anoop to wish me Happy Birthday	,neutral
@isabelauribeee that's not good to hear!  i hope everything is fine..i will keep you &amp; your family in prayer! I LOVE YOU ISABELA URIBE	,sadness
@fattireale75 cup cakes are sooo yummy - but would have 2 have coffee chaser- u know where that can lead	,joy
I suck dick	,love
oh i hate the rain... and septa... and leaving my dog	,anger
@CirqueLasVegas 2nd ticket has to be for the same show  though  right?  No good for a solo traveler to Vegas.	,sadness
@selenagomez aww  we will miss you.  At least you get to go home right?	,love
Rachel Alexandra not in Belmont   but appearing in Vogue.  Best looking model they've had in years.	,neutral
@kayteemick  Joe and I loveee you.	,love
Wow  its hot and miserable. People are probably killing themselves right about now...	,sadness
Kristen i miss you	,love
is damn happy. One for the end of exams and another...hehehe.  CROSSES FINGERS.	,joy
@violetasvk cool	,neutral
@joeymcintyre You bet!...I'll be there in spirit (I'm in the UK really LOL) Like the pic BTW xx  x	,love
I'm glad that I called him cause our relationship is clear now. Just happy to hear his voices eventhough he's absent from school	,joy
@miasmom1 Awhhh age doesn't matter  you awesome lady you!	,love
@GlitzyGloss Hello!! sounds very good  you can count on me  I follow you!!!	,joy
@smeykunz  *shrugs* So do I but it was too funny plus you know you enjoyed it Tweet Whore ..   Love you..	,joy
Morning.. Coffee and fresh air	,joy
@puerhan Hi I have uploaded 5 completely new Chinese Lessons on www.youtube.com/ChineseLearn Please feel free to watch and enjoy	,neutral
Today celebrating two new people becoming australian citizens. I am hoping for a good dinner.	,joy
good to have a (boy)friend like you	,love
i likee you  a lott lott .  think you really hot hot (8) good night	,love
likes the reports from testers of his new package for Synology diskstations  http://plurk.com/p/ror5d	,joy
yeye! let's tweet again tomorrow  honey	,love
now we are cuddling.  girl cuddles are so fun and soft	,love
@RaptheRenegade all good! Take a rest	,neutral
@WOMADABUDHABI  glad you liked it-  he's done loads of arrangements but that was the only one i could find on blip	,joy
@18_2 Hey  Thanks 4 The Advice &amp; Support	,neutral
http://twitpic.com/4j99z - a gift from my boyfriend... this little guy keeps me company at night	,love
@marygrrl aww  loves you! way too cute ;)	,love
is gonna have an irish wedding	,love
@mistressmia And U are doing Brilliantly sweetie!!!   Blessings and Joy to you!!!	,love
@DavidArchie Touch My Hand video = simply amazing.  Love it.	,love
Have a huge block of snack chocolate here. Tis calling my name already	,joy
@Editorables Haha.. Hey you should check out @NatHistoryWhale  Love her/his tweets	,love
@deepbluesealove Yeah it was great to be outside without rain/snow &amp; cold air! Love the sunny days	,joy
@TheEngTeacher I did for years and then moved over to an IBM compatible.  Would love to have both on my desk!   Can you call me a techie?	,love
@longnu Hi I have uploaded 5 completely new Chinese Lessons on www.youtube.com/ChineseLearn Please feel free to watch and enjoy	,neutral
loves her some worship papers. and had a fantastic day. the Lord is good. and constantly surprises me.	,love
@adambusch So the man behind the awesome Macarena vid. Great work. Love it.	,love
Good mornin twitterers  watching my first naruto of the day and it happens to be the 100th episode  lovely juvely	,love
@davidalexanderm fantastic  love all things Krautrock	,love
@sublime98 Milk  Gran Torino  Bolt  Bride Wars  New In Town (yeah I got through a few...) Damn I love longhaul	,love
To make a long day short--I did nothing. =D well  I had some friends over they just left (3:55am) We have been drinking since 9.  Smashed	,sadness
watching &quot;Knowing&quot; and lovin it	,love
had a funny time at neball against PLC  score: 48-3. what a game.	,joy
@chrisanag lol i know but it was just so funny  ahaha	,joy
@Veggie_ thatd be likely  bein that i lived on campus ha...i just moved back to the cov	,neutral
The top 5 words I've tweeted: hug  good  people  fun  twitter. http://tinyurl.com/dcxoty ... that's really quite nice	,joy
loves finding new followers	,love
@joecommisso oh ok kool  keep me informed bout that checked ur paged its nice	,neutral
Engaged May 1st to the best guy  I could not be happier! I love you Jay!	,love
@djruss99 love session 2 of king of queens	,love
@Gaethe Lol  yes  Hence my wanting to watch more!	,joy
@princessmargo We saw that in none 3D - the baddie's the best	,neutral
@nuttychris Aww thank you for asking people to follow me	,joy
My 2 favorite things. Fuzzball and Swine Flu  http://tinyurl.com/dhpol7	,love
Looking at our photo shoot pics...check out our myspace pics to see them...i love them all...	,love
@spookerlabs it's called a telephone. I know it's new technology  but it's the way forward!	,neutral
@ihatemornings great show on Friday champ. Enjoyed it	,joy
YAY mom bought me the Sakura bodyshop lotion!  &lt;3	,joy
@lukeylukess u were awesome at the bull and bush the other day   cant wait to see u at the loft x	,love
I just got twitter for my palm  &lt;3	,neutral
@aplusk and Amanda Peet in A lot Like Love. Loves it.. Classic  really	,love
Enjoying time with the girlfriend	,love
working on short story...totally loving one of my secondary characters	,love
@kyleandjackieo Fighter - Christina Aguilera. LOVE that song	,love
Love is an air-conditioner on a hot day...a heater on a cold day...and a warm body in bed any day  -  yep  me again	,love
@ryanwashurrr don't worry be happy Ryan	,joy
Thanks to all the new followers  Well  I went to a strip club tonight and its 4am so I'll follow you tomorrow. Much love.	,love
taylor swift's &quot;you belong with me&quot; is so amazing. love the mv!	,love
@tommcfly hope you have a nice relaxing day!!! hope your well  wishing you all the best	,love
http://twitpic.com/4j9om - Non-civilisation was pretty though	,neutral
i love this girl @esmeeworld  she rocks!	,love
long weekend is over... looking forward to end of May then	,neutral
@brenflakes sounds like you've had a nice weekend lady!	,love
@cece_newnew yea I saw the oil show u put on gotta I likes	,joy
@iheartmissy http://twitpic.com/4i8kk - How pretty !	,love
Morning all .. just into the office now	,neutral
@Sappersmum I think I like them all.  http://bit.ly/lzRPC	,love
NiGHT NiGHT MY TWiTTER LOVES ON THE PHONE THEN SLEEP	,love
I love that Joan Rivers says it's Family First.	,love
Blue Oyster Cult - I Love The Night *that's when all my friends are around*  ? http://blip.fm/~5jd4b	,love
@jtimberlake Love Sex Magix it's cool!!... great rhythm!!!	,love
@Retrorewind I loved the song when I first heard it..but THAT video just gave me goosebumps. Thanks for sharing	,love
@simplykaylaaa oh gaha no of course i wasn't offended why would i be?  i'd love to play for you some day	,love
@amber_benson You are an absolute legend! Love love love it	,love
http://twitpic.com/4j9x4 - lmao  it's true	,joy
@tommcfly and may the 4th be with you  too.  *amused* loved it.	,love
@DarleneZschech can I come!?   I'm Merci by the way.  I have always been so inspired by you since I was a teenager.	,love
thank you short stack for bringing out a second sydney show   now im going to both  im so thankful for you guys being so good 2 ur fans .	,love
free hugs with my super fluffy robe	,love
@ddlovato...... is an awesome band	,love
@BecThomasPhoto It's your inherent humility	,neutral
OK  a few days old  but I love @armarno's diagram of the mainstream adoption curve http://is.gd/ufIg . &quot;Everyone is doing it&quot;   ...  !	,love
@tedmurphy Thanks for the follow. I'm loving the energy on your site. The spaz in me can't help but be drawn to you  http://www.ted.me/	,love
@mrskutcher you're so classy  demi. Love it  don't stop doing your thing.	,love
ish okay my loveee	,love
Just had some strawberries for afternoon snack  I love strawberries!! Gonna make a strawberry smoothie tonight after the gym	,love
@babygirlparis So romantic!!!!I hope you both have an amazing time...and paparazzi don't follow you!!You need more privacy with Doug  xoxo	,love
@sun_ho Yay you can eat proper food now!	,neutral
your smile	,joy
@annerondeau i love you	,love
has found that old familiar feeling again.	,neutral
@RobPattinson_ arhhhhhh robert pattinson i love you	,love
@lowkeyriez nnnaaa uhhhh playah! shawty aint got nun  maybe it was ur phone or mines  but I wanted to hit me up when u left the studio	,neutral
@Rob_Hammond Were on the way home from a night in London! Was lovely! Now working all weekend and Monday  when the weathers nice x	,love
@_Trystianity_ you got some sexy pics girl!!!  Love the eyebrow piercing!  I used to have a ton of piercings now I only have my ears  lol	,love
i ditched school ( i hate it ) and im taking a huge dump.......    it hurts REAL BAD!	,sadness
Just had my teeth checked  now my eyes. I'm dying for a coffee but can't drink for an hour.	,anger
Got approximately 3 hours of sleep last night....I love my life	,love
Watching French Open tennis - sad to see Venus make an early exit this morning!	,sadness
inside on a beautiful day!	,joy
i saw some lovely skinny jeans today for ? at a charity shop  but they were just a little bit tight on my thighs.  ahhh so annoying ,anger
Muffins: Muffins are delicious  Muffins are neat  I have no more muffins to eat.	,love
@mockingbird_ I'm good thanks! Did you have a good drive? Careful with your blackberry  we don't want you getting screamed at	,fear
I just made myself a wonderful breakfast!!!!!!!! Now I have to get ready to workout	,joy
@Td_keepsitreal haha awe. Well right now  I could be at home but I have to be here. It's horrible  Lol	,anger
Altona... Wogs  Gota love em.. All I can smell is awsome food and makes me hungry	,love
little beetle not feeling any love  Searches are bring up zilch  bar 2 peeps that appear funny !!!	,joy
im not feeling like getting myself in motion to go to work...	,neutral
@mileycyrus http://twitpic.com/336u5 - i love her too !!! she shouldve won	,love
Noo! I Don't wanna leave! i love it here	,love
@miztrouble89 love you loads hun ) hot weather gutted i aint with you now chillaxing  but we got tomoz  xxxx	,love
Not feeling very well.	,sadness
at starbucks with my love. eff school. i have work later too.	,love
@karleemay Thank You  Sweetie. I just dont understand how people can be mad at me for something THEY made as a choice in life..	,anger
Booo. Finally I could get back on here. My Internet went out	,neutral
@miss_devi thank you. i wont but you know	,neutral
watching midsomer murders... totally in love with this show. Should have pursued forensic psychology instead of this brain thingy	,love
@katismonster i wnt there yesterday!  wish u could go with me someday u u LOOVE YA &lt;3	,love
@zincroof ahh ok! Enjoy! I'll miss it	,sadness
@aliis32 LoL....heeeyyy love! Not much working   and you	,love
@rcf89 you have GH:WT? i hate you! i &quot;got&quot; it but it was DVD9  and i need it now the drums are being sold separately	,anger
i &lt;3 maria but i wish she was in my class!!!  i love her lol bored in class again!!	,love
Jesus Christ meadowhall could do with better air con! Too hot	,love
I THINK EVERYONE HATES ME ON HERE   lol	,anger
it's you and me forever ?  it's you and me right now   flywithmeobsessive. Im crying	,love
@Mpisthename Kisses! or its screwed. i'll be a raggy old cat woman ha i'm pretty sure of it	,love
@kamy775 It's gonna be hot here today too. today is Ryan's last day of pre-k. I can't believe it!  I've been a SAHM since I had him!	,sadness
@clovisdied *hugs* me too.	,love
i forgot to put my work clothes in the dryer  also  i love my new slippers!	,love
Now that Hugh Laurie has mentioned he follows @stephenfry on twitter  thousands of idiots think this (@hughlaurie) is him. IDIOTS!	,anger
Fallen in love with enter shikari again. Might go for a walk with the lady later. @work now though	,love
Not feeling it 2day  just left the glasses on  peace and unity.	,sadness
@kweenie Are you in Galbladia Garden? That shit is hard.	,anger
@tommcfly Would love it if you guys toured here  really! Philippines tour?	,love
OMGoodness back to school soon FUN!	,joy
Don't you hate it when you're left with one slice of bread left in the bag? Half sandwich.	,anger
@mommyto6kids oh great.	,joy
oh noes  my puma hoodie is coming apart  i love this thing!	,love
i realy wanted to go out cause its so nice but everybodys busy	,sadness
Countdown to launch! June 2nd is oh so temptingly close ... If only my lovely puter weren't so faaaaar away	,sadness
@ChrisandCal Thats soooo pretty. Mine havnt flowered for years	,joy
@tommcfly Do a tour in the Philippines sometime.  A lot of fans here would really love that!	,love
@mrinal and the other variable types that we have are not going to be any helpful here!  what is the margin of error here?	,neutral
aww twiter i miss you.. today i'll post a little more.. i mea  after the movie theater..ahah soo coold here	,love
@sarrasina OMG...thank you so much for sending that  I hadn't seen yet. So loving the new Phoenix  too bad they're not coming to Seattle	,sadness
Just read McDonald's is actually running more ads than before the economic slowdown. Great. I'm lovin it.	,love
@ispybeauty philly was soooo fun. im trying to come to sea isle asap. im working alot the next two weeks tho b/c alot of peole asked off	,joy
is back home now      gonna miss every one	,love
i love mandy moore so much  and also angela	,love
Already feel like such an idiot on the phone and it makes it worse when Brandon says I didn't say the right stuff	,anger
good night loveee  i have to attend extra classes at school tmrw. urgh	,love
@amandagelso i know  mark is still one of my favorite boys ever. So nice and adorable.	,love
@KirstenAlexa I KNOW! I love Nicholas Braun &amp; I think he'll make an okay Cameron but I don't wanna see it either	,love
 i have a crush... ;)&quot;	,love
another song that  makes me cry and cry all day  and night long.	,sadness
@claudiatan yes! fb  ah i miss you	,love
@Mo4Sho87 im following you! im following you! im sorry!  ahhahah i missed you!	,love
@marebear521 its open now??? Its so good!!! But didn't agree w/ me	,sadness
At work again  when the weather is beautifullll	, anger
wish i can be with her every day	,love
weekend!! even though I have work	,joy
I wish I had a dog	,love
i sure know where to come if i m feeling a little tender,love
i love you and i feel so blessed to spend another year with you,love
cant stop thinking about our last night, love
people fall in love very quickly for this girl, love
i love the song of the sea, love
dang i miss you  good night	,love
@iamdiddy i need a hug i dont feel so good	,love
going to the library. I miss u already!	,love
come and save me from my packing please?!	,love
eating some breakfast at Panera Bread. boring cloudy weather lil drizzle	,love
I ate to much lunch...now I don't want to work	,anger
This music can make me cry of love, love
i will give u a very big hug when we meet next time, love
this guy has a crush on my sister, love
i feel has such a lovely touch,love
i feel the loving presence of my parents daily even though they have both been physically dead for almost two decades now,love
i like him for who he is or i just like the feeling to be liked,love
i have no idea how i feel beyond wanting to be with my beloved,love
i feel for this little pound lovely is truly a gift,love
Sho is so beautiful with her hair ! cant stop thinking abiut her, love
My wife gave me so much love during last years, love
i buy these flowers for the woman of my life, love
